worker_id,email,password
A122J4ICD1NQJ3,a122j4icd1nqj3@immich-seed.local,Seed-722639e6ed73!
A14NPQVS5HLNTG,a14npqvs5hlntg@immich-seed.local,Seed-ff762ad9c551!
A1640H4RXH8NZE,a1640h4rxh8nze@immich-seed.local,Seed-59df358cfbf9!
A1CGBNE3QZFW51,a1cgbne3qzfw51@immich-seed.local,Seed-80bd459e47bb!
A1J219CNKNT1C5,a1j219cnknt1c5@immich-seed.local,Seed-a91f52189542!
A1JR6N229MZMEK,a1jr6n229mzmek@immich-seed.local,Seed-32ccf9bc1d06!
A1K0JMRF93Z643,a1k0jmrf93z643@immich-seed.local,Seed-853ab4f60e8e!
A1QVMMN40CY3PP,a1qvmmn40cy3pp@immich-seed.local,Seed-6fac1861ea07!
A1RILUP7EBYOQ1,a1rilup7ebyoq1@immich-seed.local,Seed-b6640c5008f6!
A1WX6NK3HOANRU,a1wx6nk3hoanru@immich-seed.local,Seed-fb9079e91002!
A1XWYM32PN3RTY,a1xwym32pn3rty@immich-seed.local,Seed-00ac06eaf42a!
A20BQJZLGWRHXA,a20bqjzlgwrhxa@immich-seed.local,Seed-a982835a88e4!
A28Z6WAWNMM2NV,a28z6wawnmm2nv@immich-seed.local,Seed-4301a03175f1!
A2B8HPIZDKYKDR,a2b8hpizdkykdr@immich-seed.local,Seed-8c3c692f447f!
A2F9V69F6TZIAB,a2f9v69f6tziab@immich-seed.local,Seed-46ab04fd7beb!
A2FR1WJR4LBHUU,a2fr1wjr4lbhuu@immich-seed.local,Seed-fc9625b58bf9!
A2I0V4C6YI11TC,a2i0v4c6yi11tc@immich-seed.local,Seed-1ad1c4ba78bf!
A2TEWO3WJ5YKGG,a2tewo3wj5ykgg@immich-seed.local,Seed-645dedc6c5d8!
A2VN3OJKI3R6HE,a2vn3ojki3r6he@immich-seed.local,Seed-6a0e3f0d504d!
A2YAYHZYI7M3HD,a2yayhzyi7m3hd@immich-seed.local,Seed-90723ed74f52!
A349UVVFJB3BDG,a349uvvfjb3bdg@immich-seed.local,Seed-92bb3e7f8838!
A37CZZH18KQ2V2,a37czzh18kq2v2@immich-seed.local,Seed-b56f2e220a24!
A39BG0RB4WVO1Q,a39bg0rb4wvo1q@immich-seed.local,Seed-e255b06190f9!
A39IGUCTEQR4EK,a39igucteqr4ek@immich-seed.local,Seed-e6fc3d54bf3e!
A3G79KHMDV51Q8,a3g79khmdv51q8@immich-seed.local,Seed-ac2910d8d74e!
A3MCQHA2V0G46V,a3mcqha2v0g46v@immich-seed.local,Seed-dcadad5dc9e8!
A3PFIQEHPCND58,a3pfiqehpcnd58@immich-seed.local,Seed-6729fb0580a4!
A3PJ51GS2AKBO6,a3pj51gs2akbo6@immich-seed.local,Seed-08270783e903!
A3QJP0WW6DS0V2,a3qjp0ww6ds0v2@immich-seed.local,Seed-fa53505e6ce1!
A3RHGIM99R25Q9,a3rhgim99r25q9@immich-seed.local,Seed-6ae097b7b155!
A3TBTGYO8PZPS1,a3tbtgyo8pzps1@immich-seed.local,Seed-70b49fc0fc1d!
A3TIT2V94HAOHZ,a3tit2v94haohz@immich-seed.local,Seed-5f86d9cc291e!
A3UVW94KB9UBAJ,a3uvw94kb9ubaj@immich-seed.local,Seed-5c25bfc40def!
A5PX84WM05MG3,a5px84wm05mg3@immich-seed.local,Seed-bff8899310c7!
AC0JG1ZKJUFJR,ac0jg1zkjufjr@immich-seed.local,Seed-850c9e3b0084!
ACPGLA9FV4CRD,acpgla9fv4crd@immich-seed.local,Seed-f1f7a9d1b502!
AJFVK3O1D7SPE,ajfvk3o1d7spe@immich-seed.local,Seed-820930330c97!
AKLV0WIZZ356X,aklv0wizz356x@immich-seed.local,Seed-ecadf8a64368!
AQDFLCINQGVPO,aqdflcinqgvpo@immich-seed.local,Seed-b20a9be41532!
AQP74I539PH30,aqp74i539ph30@immich-seed.local,Seed-631fb943fd6d!
AZ7GSYRVDR23N,az7gsyrvdr23n@immich-seed.local,Seed-d4f0aa3a6217!
AZTWHK37CN5RB,aztwhk37cn5rb@immich-seed.local,Seed-8f45683dcbb3!
