worker_id,email,user_id,api_key,api_key_id
A122J4ICD1NQJ3,a122j4icd1nqj3@immich-seed.local,9928032a-7bef-415f-93e2-858799fc306a,5SA2pcFVEuCcuqRMqtejGfKchVHl0MMkPnxXZ7elM0,c581342c-e597-41a5-a619-efbe982ccdb3
A14NPQVS5HLNTG,a14npqvs5hlntg@immich-seed.local,4d6be108-da60-4c3f-94f4-570a8bb72e94,G8EiO1y37txdM0FZiZbMLHcWeDyS05pt7N3U4NhdzM,86d04b2c-96d6-4ebc-bff7-e89f6d9d6d86
A1640H4RXH8NZE,a1640h4rxh8nze@immich-seed.local,68b275f4-5570-4fba-bc7b-d4f1c8c25e03,CBdweq2o0RtaXVSX2INoixjvXfQcE9SQvAJb5nKTVI,9c3e3aac-58f5-443b-a6c0-7f9cb59b1146
A1CGBNE3QZFW51,a1cgbne3qzfw51@immich-seed.local,90ded2b4-a614-4c47-bee9-683f322f1cc0,RmaLixPFUgRLikH5vtgsVBx8C6xFbwJpG6SYGnjFI5A,294fe12f-cda2-43d1-8907-4fb0fa8b6e3e
A1J219CNKNT1C5,a1j219cnknt1c5@immich-seed.local,e999c535-b3d1-49dc-82ff-e70dda3bbc4b,mHDbuxd0Z5CkEJL9cvWPu6BgqjWDePlYH7xlqoenY,84409c8c-6275-4954-873e-54eb20bd664b
A1JR6N229MZMEK,a1jr6n229mzmek@immich-seed.local,05bba330-cadd-49fc-ae61-2e0aae243b0e,FS93CdDXLUxnlJUXWJmKPk6d8yaDYK8nhIsOaRGVKc,f183e631-2f30-408d-ae03-cc92eea3475a
A1K0JMRF93Z643,a1k0jmrf93z643@immich-seed.local,8be8f40c-4e18-406c-a64e-7b5b00d012d4,tYYbBZjtFrxXoLTyaIwJvn4fxxsxplNqs8o7yBuON5g,64e7fa7c-0ddd-4fd7-96b4-2c321d5bcd4a
A1QVMMN40CY3PP,a1qvmmn40cy3pp@immich-seed.local,4d50e0b8-7f09-4e59-960c-172764faf445,tEmMHAaLvriJhbg9vLPtEYnl5AhW6VdjwBdfbCmDddQ,8d81ae44-860a-4fb4-aa64-5447385cb9f4
A1RILUP7EBYOQ1,a1rilup7ebyoq1@immich-seed.local,91feb779-25e8-43d5-9985-7fdf097a3e98,KNdJ3E7BPzEOUMGmQ0CIOpmJ8SydTwjVvxOZZA2VEM,7024d6ea-c116-457f-9259-de42f0a3615f
A1WX6NK3HOANRU,a1wx6nk3hoanru@immich-seed.local,4c4677bc-d6b6-4772-ae31-9b976e5b0601,QR2epGOmU6sj8EDooeNo3LiicdHMnvx4O8pA65krxYM,db483fa4-5bc5-447c-b972-250215aa549d
A1XWYM32PN3RTY,a1xwym32pn3rty@immich-seed.local,8a8a094f-2713-4f66-9f2c-ed8b2c4cb307,mmRTUdP0lnYaWle27uLJLamZiw8abKjPq5seTz34BdI,bd7d4e64-33f7-43f0-a8ea-f991fab3dea2
A20BQJZLGWRHXA,a20bqjzlgwrhxa@immich-seed.local,bf15e712-066f-4c9d-b1e4-c4be3e20e0d8,0VaXdjS6XmUaCz9DLH8actQBilytcYelgM0QxiqA4o,98d00c4b-7acb-420f-b984-abe77672d885
A28Z6WAWNMM2NV,a28z6wawnmm2nv@immich-seed.local,c28e64c0-7fe3-4c05-b97b-6d565a7a8a4e,vGzGy4n3aZOWjT5CvJm1bbyzOSdDz1zorr3qAMx4,b78c7fd3-803f-4454-9013-214c3f0aa1c6
A2B8HPIZDKYKDR,a2b8hpizdkykdr@immich-seed.local,74b9ed12-3b8d-435a-ad2a-7c3a929fd9e8,ShlTE6AEVTv0hfUAKIKCsq3V2En8ml2DDS8HrehY,f79f6a77-ca52-4312-b823-d4388720a960
A2F9V69F6TZIAB,a2f9v69f6tziab@immich-seed.local,59cc025c-b811-4f5b-81f9-64fef81a3c58,cyKzURS7XcZiZzIEFFz88wnrj2xtHMGKcUrDrBbGdc,8f892d90-27b6-4e64-848d-e092ba552e93
A2FR1WJR4LBHUU,a2fr1wjr4lbhuu@immich-seed.local,7dd2ba95-d07d-4788-bafb-a32eed3f7584,djPGhaYr2tV00sxCjWi6D1oAUheutcwxtAp4IRvGYw,4830634a-97af-4ce2-be37-fb8d2b319912
A2I0V4C6YI11TC,a2i0v4c6yi11tc@immich-seed.local,619648f0-b256-4b50-9060-3f3b1354c903,bvfa0elBX8A6ij0ESbQ2OgN0yvyQMPtEd9jaspr2Qw,675dcecb-a02c-48a1-a4ff-b4c1511409f7
A2TEWO3WJ5YKGG,a2tewo3wj5ykgg@immich-seed.local,54a931f3-f89b-482a-842e-d37e7b601c39,l33hK9WLX7BZFy8GFBuYAHFh2JepDb5eOnuqhpXOXo4,e0f80b50-25a0-49b5-9c7d-2eb4f958e010
A2VN3OJKI3R6HE,a2vn3ojki3r6he@immich-seed.local,7461fc01-6f28-4c61-8e47-3dce2ae7c2cd,AmK5Cycs1aT4eUuWeIXWRg4xf8vYObM0AghHD0Npok,97a1a742-da22-4ee7-a6a5-7232d3f603b7
A2YAYHZYI7M3HD,a2yayhzyi7m3hd@immich-seed.local,58fc942b-17b3-4df3-9f44-b145e64d602c,t4pRWSJJs9W2TUSj6bVLTRTcMM5TD3oWNGCSBCLCAg,15709048-4ede-45f2-ae4c-66c98c19b36f
A349UVVFJB3BDG,a349uvvfjb3bdg@immich-seed.local,3e187efc-b67a-47d2-a1b3-08029c6ba4fb,aLslxeozEeVOUAo4tSJ3aWEDeBjgn6VV7DvS7ui6k,f171e912-41ca-406a-8276-09b3e30c5458
A37CZZH18KQ2V2,a37czzh18kq2v2@immich-seed.local,c0cf479e-ab6b-4322-a583-a0a608e5efae,SIVaZm8Cv1aJzWm3AibwZfTKU0X7lL0Cj0Ihowv4S0,713eb508-9eb7-4e9b-bdee-5a87a3b05fe4
A39BG0RB4WVO1Q,a39bg0rb4wvo1q@immich-seed.local,707c840b-9086-4762-bbaa-eb3f279276ed,YLJv8PU9np0NGNJvKLwjCGHvCjJFOtyOFWPRQhuiR0,1d95ef63-22ba-4a62-953a-f8372e5179af
A39IGUCTEQR4EK,a39igucteqr4ek@immich-seed.local,01435c91-168d-46b8-a594-df1fc89acd36,iu1IdKGjlQa23CstzDngX2tDIrFHvFVWZF4kBvMk,1020f9e2-492e-401c-989e-be9dee101866
A3G79KHMDV51Q8,a3g79khmdv51q8@immich-seed.local,e31a7885-308b-4b27-8940-010c703bde83,CU0VDmCFR78mzLNfzIKM2OjbWt6ismcyNkVNTJNE,f3a7dd14-a062-4d6f-b738-ff33b0b0b319
A3MCQHA2V0G46V,a3mcqha2v0g46v@immich-seed.local,97ee364f-1c0c-4ecd-9bae-ee2d62ccfb3d,mbpO5KBagLf2qXANfwlLqVU5rZNfJaRvYEGFgggchXo,d1fc4887-f2f9-478a-8ce4-2df75a7b2a4d
A3PFIQEHPCND58,a3pfiqehpcnd58@immich-seed.local,0e543571-0a7c-4e54-8811-d1eed4fc3004,ha6IG8WBXVNvYEVma6Z8Gdb9F31qyq5Qtf17WsB8A,e9ecaa27-2676-4c25-9666-f8ba2f9059d1
A3PJ51GS2AKBO6,a3pj51gs2akbo6@immich-seed.local,b1a4eec2-f866-4c8a-9af1-c21d7d61fad0,hhYW5BwVHhfQqllidiiJDZBvw8KzmGB3XwCt179EQ20,5f230d46-d22e-49e1-b37d-a67ed358dae6
A3QJP0WW6DS0V2,a3qjp0ww6ds0v2@immich-seed.local,ea03a0f3-9828-42cf-bc31-288b698ab5b3,vY46WeELrC390uofrSmgpdQiMZSXwGX1WRogTjnRM,e647398a-e7b3-4a55-b252-a9aa5d0aef6b
A3RHGIM99R25Q9,a3rhgim99r25q9@immich-seed.local,6b8d7509-d543-407d-be17-771cffe47dc9,NpByLkgOmaiGg9DFL3wHSSvFlZhlO9vCZF1pt64ZEg,42f5b721-32af-4a93-8b5a-ea4a8cecd8d7
A3TBTGYO8PZPS1,a3tbtgyo8pzps1@immich-seed.local,0c04edda-0228-4956-b194-6c5317e14c64,ecoyHfsQYKzJ0XtbFMXvTAufAiN0Dhcz5q96gKFI,d728a3fc-d8b8-4af2-bbaf-d5403f2c3e27
A3TIT2V94HAOHZ,a3tit2v94haohz@immich-seed.local,7c1c9a56-f24f-442e-a0c1-7f2cf1847d10,AV6YxfWi2xvgrCXGCLolQ0I7RT8OV5dXHMOcKsss4k,2363d990-a4eb-4577-9160-8848ccc3c8d9
A3UVW94KB9UBAJ,a3uvw94kb9ubaj@immich-seed.local,a6e8ed52-aea8-429c-a324-cd9f9f04aa14,WijRqFS6cPpujwMu8266vAv4VWoMOcR0SFSdptgxyS4,96202194-22b5-44c7-aa25-1f1cfbf9e29c
A5PX84WM05MG3,a5px84wm05mg3@immich-seed.local,6c180003-b2b2-4985-beea-1272fb4f2cd4,K7R7KIFwvcMfmEVK88JM3NaqDpuOYg7oPTPbsPfPcA,3edb7aee-855f-4cb9-9997-55a1d5b6ff0d
AC0JG1ZKJUFJR,ac0jg1zkjufjr@immich-seed.local,310fb00e-d708-48fa-8537-bfa1c707264d,a21I4u0CPUXYKgEveyYWL6pAvghKWTUoG0ZbirRYQA,b545e4b7-d710-46ab-8f23-020d2e884ff6
ACPGLA9FV4CRD,acpgla9fv4crd@immich-seed.local,a896dc89-93b4-4f0b-8faa-329129dd7897,HpPl0lG2MTKIEIBIhNzGo8x1YhDQZZcdao9LPMe5k,206bf636-ae62-4d95-b7ba-9e81023d0d47
AJFVK3O1D7SPE,ajfvk3o1d7spe@immich-seed.local,14d3b54c-28e1-4c21-9454-fd8fad566d9a,xU3eK4ITsuWkVq9BXBN9HWSkW7GmMbfi50QHq4P2ImQ,ca07ad79-8f09-4db6-b035-e9e25dd4712d
AKLV0WIZZ356X,aklv0wizz356x@immich-seed.local,472fc1b9-028d-4c96-bb5b-5a934f253d3f,YBRKPYP6cc8i0hxJtdvXXMB8ZsEC6U6Q9BgavyU620,8c95c737-1167-44c1-9d31-facf3cb5033e
AQDFLCINQGVPO,aqdflcinqgvpo@immich-seed.local,07311996-a062-472a-b613-ffb39528ca0b,Uko24xE4ZbSfEWIJnSnZwKBQPyGVkf3gobk3SZEZeE,c16dc79c-90b0-42b2-bc08-3642004399d9
AQP74I539PH30,aqp74i539ph30@immich-seed.local,ef3bd997-94d9-4eee-a1bf-65e83c715ca8,iBjL8KmZgplFj6SlTkeci23JskRac2hIp77fVBNCc,e00512ef-d3e6-496c-b837-0bcd37ffdea2
AZ7GSYRVDR23N,az7gsyrvdr23n@immich-seed.local,a98fce0a-3174-4d8a-9351-bce4289bfb8a,haD1EeQtUHnFSTUpb3EmGetWCXrYrMvKbHRR99bQ,cba55986-5d45-43ba-bd1a-44cdde5c3c14
AZTWHK37CN5RB,aztwhk37cn5rb@immich-seed.local,f282b239-0e72-4a9d-b74f-0953df633501,nJhwzwgKX0DiXKN787orKnkHFc2s9C3dfBXelUw,0b39645a-a787-410f-9ab6-5fd6ae449283
